jmeteruser1,jmeteruser1@gmail.com,jmeteruser1,1212,jmeteruser1,12/11/2025,jmeteruser1
jmeteruser2,jmeteruser2@gmail.com,jmeteruser2,1212,jmeteruser2,12/11/2025,jmeteruser2
jmeteruser3,jmeteruser3@gmail.com,jmeteruser3,1212,jmeteruser3,12/11/2025,jmeteruser3
jmeteruser4,jmeteruser4@gmail.com,jmeteruser4,1212,jmeteruser4,12/11/2025,jmeteruser4
jmeteruser5,jmeteruser5@gmail.com,jmeteruser5,1212,jmeteruser5,12/11/2025,jmeteruser5
jmeteruser6,jmeteruser6@gmail.com,jmeteruser6,1212,jmeteruser6,12/11/2025,jmeteruser6
jmeteruser7,jmeteruser7@gmail.com,jmeteruser7,1212,jmeteruser7,12/11/2025,jmeteruser7
jmeteruser8,jmeteruser8@gmail.com,jmeteruser8,1212,jmeteruser8,12/11/2025,jmeteruser8
jmeteruser9,jmeteruser9@gmail.com,jmeteruser9,1212,jmeteruser9,12/11/2025,jmeteruser9
jmeteruser10,jmeteruser10@gmail.com,jmeteruser10,1212,jmeteruser10,12/11/2025,jmeteruser10
jmeteruser11,jmeteruser11@gmail.com,jmeteruser11,1212,jmeteruser11,12/11/2025,jmeteruser11
jmeteruser12,jmeteruser12@gmail.com,jmeteruser12,1212,jmeteruser12,12/11/2025,jmeteruser12
jmeteruser13,jmeteruser13@gmail.com,jmeteruser13,1212,jmeteruser13,12/11/2025,jmeteruser13
jmeteruser14,jmeteruser14@gmail.com,jmeteruser14,1212,jmeteruser14,12/11/2025,jmeteruser14
jmeteruser15,jmeteruser15@gmail.com,jmeteruser15,1212,jmeteruser15,12/11/2025,jmeteruser15
jmeteruser16,jmeteruser16@gmail.com,jmeteruser16,1212,jmeteruser16,12/11/2025,jmeteruser16
jmeteruser17,jmeteruser17@gmail.com,jmeteruser17,1212,jmeteruser17,12/11/2025,jmeteruser17
jmeteruser18,jmeteruser18@gmail.com,jmeteruser18,1212,jmeteruser18,12/11/2025,jmeteruser18
jmeteruser19,jmeteruser19@gmail.com,jmeteruser19,1212,jmeteruser19,12/11/2025,jmeteruser19
jmeteruser20,jmeteruser20@gmail.com,jmeteruser20,1212,jmeteruser20,12/11/2025,jmeteruser20
jmeteruser21,jmeteruser21@gmail.com,jmeteruser21,1212,jmeteruser21,12/11/2025,jmeteruser21
jmeteruser22,jmeteruser22@gmail.com,jmeteruser22,1212,jmeteruser22,12/11/2025,jmeteruser22
jmeteruser23,jmeteruser23@gmail.com,jmeteruser23,1212,jmeteruser23,12/11/2025,jmeteruser23
jmeteruser24,jmeteruser24@gmail.com,jmeteruser24,1212,jmeteruser24,12/11/2025,jmeteruser24
jmeteruser25,jmeteruser25@gmail.com,jmeteruser25,1212,jmeteruser25,12/11/2025,jmeteruser25
jmeteruser26,jmeteruser26@gmail.com,jmeteruser26,1212,jmeteruser26,12/11/2025,jmeteruser26
jmeteruser27,jmeteruser27@gmail.com,jmeteruser27,1212,jmeteruser27,12/11/2025,jmeteruser27
jmeteruser28,jmeteruser28@gmail.com,jmeteruser28,1212,jmeteruser28,12/11/2025,jmeteruser28
jmeteruser29,jmeteruser29@gmail.com,jmeteruser29,1212,jmeteruser29,12/11/2025,jmeteruser29
jmeteruser30,jmeteruser30@gmail.com,jmeteruser30,1212,jmeteruser30,12/11/2025,jmeteruser30
jmeteruser31,jmeteruser31@gmail.com,jmeteruser31,1212,jmeteruser31,12/11/2025,jmeteruser31
jmeteruser32,jmeteruser32@gmail.com,jmeteruser32,1212,jmeteruser32,12/11/2025,jmeteruser32
jmeteruser33,jmeteruser33@gmail.com,jmeteruser33,1212,jmeteruser33,12/11/2025,jmeteruser33
jmeteruser34,jmeteruser34@gmail.com,jmeteruser34,1212,jmeteruser34,12/11/2025,jmeteruser34
jmeteruser35,jmeteruser35@gmail.com,jmeteruser35,1212,jmeteruser35,12/11/2025,jmeteruser35
jmeteruser36,jmeteruser36@gmail.com,jmeteruser36,1212,jmeteruser36,12/11/2025,jmeteruser36
jmeteruser37,jmeteruser37@gmail.com,jmeteruser37,1212,jmeteruser37,12/11/2025,jmeteruser37
jmeteruser38,jmeteruser38@gmail.com,jmeteruser38,1212,jmeteruser38,12/11/2025,jmeteruser38
jmeteruser39,jmeteruser39@gmail.com,jmeteruser39,1212,jmeteruser39,12/11/2025,jmeteruser39
jmeteruser40,jmeteruser40@gmail.com,jmeteruser40,1212,jmeteruser40,12/11/2025,jmeteruser40
jmeteruser41,jmeteruser41@gmail.com,jmeteruser41,1212,jmeteruser41,12/11/2025,jmeteruser41
jmeteruser42,jmeteruser42@gmail.com,jmeteruser42,1212,jmeteruser42,12/11/2025,jmeteruser42
jmeteruser43,jmeteruser43@gmail.com,jmeteruser43,1212,jmeteruser43,12/11/2025,jmeteruser43
jmeteruser44,jmeteruser44@gmail.com,jmeteruser44,1212,jmeteruser44,12/11/2025,jmeteruser44
jmeteruser45,jmeteruser45@gmail.com,jmeteruser45,1212,jmeteruser45,12/11/2025,jmeteruser45
jmeteruser46,jmeteruser46@gmail.com,jmeteruser46,1212,jmeteruser46,12/11/2025,jmeteruser46
jmeteruser47,jmeteruser47@gmail.com,jmeteruser47,1212,jmeteruser47,12/11/2025,jmeteruser47
jmeteruser48,jmeteruser48@gmail.com,jmeteruser48,1212,jmeteruser48,12/11/2025,jmeteruser48
jmeteruser49,jmeteruser49@gmail.com,jmeteruser49,1212,jmeteruser49,12/11/2025,jmeteruser49
jmeteruser50,jmeteruser50@gmail.com,jmeteruser50,1212,jmeteruser50,12/11/2025,jmeteruser50
jmeteruser51,jmeteruser51@gmail.com,jmeteruser51,1212,jmeteruser51,12/11/2025,jmeteruser51
jmeteruser52,jmeteruser52@gmail.com,jmeteruser52,1212,jmeteruser52,12/11/2025,jmeteruser52
jmeteruser53,jmeteruser53@gmail.com,jmeteruser53,1212,jmeteruser53,12/11/2025,jmeteruser53
jmeteruser54,jmeteruser54@gmail.com,jmeteruser54,1212,jmeteruser54,12/11/2025,jmeteruser54
jmeteruser55,jmeteruser55@gmail.com,jmeteruser55,1212,jmeteruser55,12/11/2025,jmeteruser55
jmeteruser56,jmeteruser56@gmail.com,jmeteruser56,1212,jmeteruser56,12/11/2025,jmeteruser56
jmeteruser57,jmeteruser57@gmail.com,jmeteruser57,1212,jmeteruser57,12/11/2025,jmeteruser57
jmeteruser58,jmeteruser58@gmail.com,jmeteruser58,1212,jmeteruser58,12/11/2025,jmeteruser58
jmeteruser59,jmeteruser59@gmail.com,jmeteruser59,1212,jmeteruser59,12/11/2025,jmeteruser59
jmeteruser60,jmeteruser60@gmail.com,jmeteruser60,1212,jmeteruser60,12/11/2025,jmeteruser60
jmeteruser61,jmeteruser61@gmail.com,jmeteruser61,1212,jmeteruser61,12/11/2025,jmeteruser61
jmeteruser62,jmeteruser62@gmail.com,jmeteruser62,1212,jmeteruser62,12/11/2025,jmeteruser62
jmeteruser63,jmeteruser63@gmail.com,jmeteruser63,1212,jmeteruser63,12/11/2025,jmeteruser63
jmeteruser64,jmeteruser64@gmail.com,jmeteruser64,1212,jmeteruser64,12/11/2025,jmeteruser64
jmeteruser65,jmeteruser65@gmail.com,jmeteruser65,1212,jmeteruser65,12/11/2025,jmeteruser65
jmeteruser66,jmeteruser66@gmail.com,jmeteruser66,1212,jmeteruser66,12/11/2025,jmeteruser66
jmeteruser67,jmeteruser67@gmail.com,jmeteruser67,1212,jmeteruser67,12/11/2025,jmeteruser67
jmeteruser68,jmeteruser68@gmail.com,jmeteruser68,1212,jmeteruser68,12/11/2025,jmeteruser68
jmeteruser69,jmeteruser69@gmail.com,jmeteruser69,1212,jmeteruser69,12/11/2025,jmeteruser69
jmeteruser70,jmeteruser70@gmail.com,jmeteruser70,1212,jmeteruser70,12/11/2025,jmeteruser70
jmeteruser71,jmeteruser71@gmail.com,jmeteruser71,1212,jmeteruser71,12/11/2025,jmeteruser71
jmeteruser72,jmeteruser72@gmail.com,jmeteruser72,1212,jmeteruser72,12/11/2025,jmeteruser72
jmeteruser73,jmeteruser73@gmail.com,jmeteruser73,1212,jmeteruser73,12/11/2025,jmeteruser73
jmeteruser74,jmeteruser74@gmail.com,jmeteruser74,1212,jmeteruser74,12/11/2025,jmeteruser74
jmeteruser75,jmeteruser75@gmail.com,jmeteruser75,1212,jmeteruser75,12/11/2025,jmeteruser75
jmeteruser76,jmeteruser76@gmail.com,jmeteruser76,1212,jmeteruser76,12/11/2025,jmeteruser76
jmeteruser77,jmeteruser77@gmail.com,jmeteruser77,1212,jmeteruser77,12/11/2025,jmeteruser77
jmeteruser78,jmeteruser78@gmail.com,jmeteruser78,1212,jmeteruser78,12/11/2025,jmeteruser78
jmeteruser79,jmeteruser79@gmail.com,jmeteruser79,1212,jmeteruser79,12/11/2025,jmeteruser79
jmeteruser80,jmeteruser80@gmail.com,jmeteruser80,1212,jmeteruser80,12/11/2025,jmeteruser80
jmeteruser81,jmeteruser81@gmail.com,jmeteruser81,1212,jmeteruser81,12/11/2025,jmeteruser81
jmeteruser82,jmeteruser82@gmail.com,jmeteruser82,1212,jmeteruser82,12/11/2025,jmeteruser82
jmeteruser83,jmeteruser83@gmail.com,jmeteruser83,1212,jmeteruser83,12/11/2025,jmeteruser83
jmeteruser84,jmeteruser84@gmail.com,jmeteruser84,1212,jmeteruser84,12/11/2025,jmeteruser84
jmeteruser85,jmeteruser85@gmail.com,jmeteruser85,1212,jmeteruser85,12/11/2025,jmeteruser85
jmeteruser86,jmeteruser86@gmail.com,jmeteruser86,1212,jmeteruser86,12/11/2025,jmeteruser86
jmeteruser87,jmeteruser87@gmail.com,jmeteruser87,1212,jmeteruser87,12/11/2025,jmeteruser87
jmeteruser88,jmeteruser88@gmail.com,jmeteruser88,1212,jmeteruser88,12/11/2025,jmeteruser88
jmeteruser89,jmeteruser89@gmail.com,jmeteruser89,1212,jmeteruser89,12/11/2025,jmeteruser89
jmeteruser90,jmeteruser90@gmail.com,jmeteruser90,1212,jmeteruser90,12/11/2025,jmeteruser90
jmeteruser91,jmeteruser91@gmail.com,jmeteruser91,1212,jmeteruser91,12/11/2025,jmeteruser91
jmeteruser92,jmeteruser92@gmail.com,jmeteruser92,1212,jmeteruser92,12/11/2025,jmeteruser92
jmeteruser93,jmeteruser93@gmail.com,jmeteruser93,1212,jmeteruser93,12/11/2025,jmeteruser93
jmeteruser94,jmeteruser94@gmail.com,jmeteruser94,1212,jmeteruser94,12/11/2025,jmeteruser94
jmeteruser95,jmeteruser95@gmail.com,jmeteruser95,1212,jmeteruser95,12/11/2025,jmeteruser95
jmeteruser96,jmeteruser96@gmail.com,jmeteruser96,1212,jmeteruser96,12/11/2025,jmeteruser96
jmeteruser97,jmeteruser97@gmail.com,jmeteruser97,1212,jmeteruser97,12/11/2025,jmeteruser97
jmeteruser98,jmeteruser98@gmail.com,jmeteruser98,1212,jmeteruser98,12/11/2025,jmeteruser98
jmeteruser99,jmeteruser99@gmail.com,jmeteruser99,1212,jmeteruser99,12/11/2025,jmeteruser99
jmeteruser100,jmeteruser100@gmail.com,jmeteruser100,1212,jmeteruser100,12/11/2025,jmeteruser100
jmeteruser101,jmeteruser101@gmail.com,jmeteruser101,1212,jmeteruser101,12/11/2025,jmeteruser101
jmeteruser102,jmeteruser102@gmail.com,jmeteruser102,1212,jmeteruser102,12/11/2025,jmeteruser102
jmeteruser103,jmeteruser103@gmail.com,jmeteruser103,1212,jmeteruser103,12/11/2025,jmeteruser103
jmeteruser104,jmeteruser104@gmail.com,jmeteruser104,1212,jmeteruser104,12/11/2025,jmeteruser104
jmeteruser105,jmeteruser105@gmail.com,jmeteruser105,1212,jmeteruser105,12/11/2025,jmeteruser105
jmeteruser106,jmeteruser106@gmail.com,jmeteruser106,1212,jmeteruser106,12/11/2025,jmeteruser106
jmeteruser107,jmeteruser107@gmail.com,jmeteruser107,1212,jmeteruser107,12/11/2025,jmeteruser107
jmeteruser108,jmeteruser108@gmail.com,jmeteruser108,1212,jmeteruser108,12/11/2025,jmeteruser108
jmeteruser109,jmeteruser109@gmail.com,jmeteruser109,1212,jmeteruser109,12/11/2025,jmeteruser109
jmeteruser110,jmeteruser110@gmail.com,jmeteruser110,1212,jmeteruser110,12/11/2025,jmeteruser110
jmeteruser111,jmeteruser111@gmail.com,jmeteruser111,1212,jmeteruser111,12/11/2025,jmeteruser111
jmeteruser112,jmeteruser112@gmail.com,jmeteruser112,1212,jmeteruser112,12/11/2025,jmeteruser112
jmeteruser113,jmeteruser113@gmail.com,jmeteruser113,1212,jmeteruser113,12/11/2025,jmeteruser113
jmeteruser114,jmeteruser114@gmail.com,jmeteruser114,1212,jmeteruser114,12/11/2025,jmeteruser114
jmeteruser115,jmeteruser115@gmail.com,jmeteruser115,1212,jmeteruser115,12/11/2025,jmeteruser115
jmeteruser116,jmeteruser116@gmail.com,jmeteruser116,1212,jmeteruser116,12/11/2025,jmeteruser116
jmeteruser117,jmeteruser117@gmail.com,jmeteruser117,1212,jmeteruser117,12/11/2025,jmeteruser117
jmeteruser118,jmeteruser118@gmail.com,jmeteruser118,1212,jmeteruser118,12/11/2025,jmeteruser118
jmeteruser119,jmeteruser119@gmail.com,jmeteruser119,1212,jmeteruser119,12/11/2025,jmeteruser119
jmeteruser120,jmeteruser120@gmail.com,jmeteruser120,1212,jmeteruser120,12/11/2025,jmeteruser120
jmeteruser121,jmeteruser121@gmail.com,jmeteruser121,1212,jmeteruser121,12/11/2025,jmeteruser121
jmeteruser122,jmeteruser122@gmail.com,jmeteruser122,1212,jmeteruser122,12/11/2025,jmeteruser122
jmeteruser123,jmeteruser123@gmail.com,jmeteruser123,1212,jmeteruser123,12/11/2025,jmeteruser123
jmeteruser124,jmeteruser124@gmail.com,jmeteruser124,1212,jmeteruser124,12/11/2025,jmeteruser124
jmeteruser125,jmeteruser125@gmail.com,jmeteruser125,1212,jmeteruser125,12/11/2025,jmeteruser125
jmeteruser126,jmeteruser126@gmail.com,jmeteruser126,1212,jmeteruser126,12/11/2025,jmeteruser126
jmeteruser127,jmeteruser127@gmail.com,jmeteruser127,1212,jmeteruser127,12/11/2025,jmeteruser127
jmeteruser128,jmeteruser128@gmail.com,jmeteruser128,1212,jmeteruser128,12/11/2025,jmeteruser128
jmeteruser129,jmeteruser129@gmail.com,jmeteruser129,1212,jmeteruser129,12/11/2025,jmeteruser129
jmeteruser130,jmeteruser130@gmail.com,jmeteruser130,1212,jmeteruser130,12/11/2025,jmeteruser130
jmeteruser131,jmeteruser131@gmail.com,jmeteruser131,1212,jmeteruser131,12/11/2025,jmeteruser131
jmeteruser132,jmeteruser132@gmail.com,jmeteruser132,1212,jmeteruser132,12/11/2025,jmeteruser132
jmeteruser133,jmeteruser133@gmail.com,jmeteruser133,1212,jmeteruser133,12/11/2025,jmeteruser133
jmeteruser134,jmeteruser134@gmail.com,jmeteruser134,1212,jmeteruser134,12/11/2025,jmeteruser134
jmeteruser135,jmeteruser135@gmail.com,jmeteruser135,1212,jmeteruser135,12/11/2025,jmeteruser135
jmeteruser136,jmeteruser136@gmail.com,jmeteruser136,1212,jmeteruser136,12/11/2025,jmeteruser136
jmeteruser137,jmeteruser137@gmail.com,jmeteruser137,1212,jmeteruser137,12/11/2025,jmeteruser137
jmeteruser138,jmeteruser138@gmail.com,jmeteruser138,1212,jmeteruser138,12/11/2025,jmeteruser138
jmeteruser139,jmeteruser139@gmail.com,jmeteruser139,1212,jmeteruser139,12/11/2025,jmeteruser139
jmeteruser140,jmeteruser140@gmail.com,jmeteruser140,1212,jmeteruser140,12/11/2025,jmeteruser140
jmeteruser141,jmeteruser141@gmail.com,jmeteruser141,1212,jmeteruser141,12/11/2025,jmeteruser141
jmeteruser142,jmeteruser142@gmail.com,jmeteruser142,1212,jmeteruser142,12/11/2025,jmeteruser142
jmeteruser143,jmeteruser143@gmail.com,jmeteruser143,1212,jmeteruser143,12/11/2025,jmeteruser143
jmeteruser144,jmeteruser144@gmail.com,jmeteruser144,1212,jmeteruser144,12/11/2025,jmeteruser144
jmeteruser145,jmeteruser145@gmail.com,jmeteruser145,1212,jmeteruser145,12/11/2025,jmeteruser145
jmeteruser146,jmeteruser146@gmail.com,jmeteruser146,1212,jmeteruser146,12/11/2025,jmeteruser146
jmeteruser147,jmeteruser147@gmail.com,jmeteruser147,1212,jmeteruser147,12/11/2025,jmeteruser147
jmeteruser148,jmeteruser148@gmail.com,jmeteruser148,1212,jmeteruser148,12/11/2025,jmeteruser148
jmeteruser149,jmeteruser149@gmail.com,jmeteruser149,1212,jmeteruser149,12/11/2025,jmeteruser149
jmeteruser150,jmeteruser150@gmail.com,jmeteruser150,1212,jmeteruser150,12/11/2025,jmeteruser150
jmeteruser151,jmeteruser151@gmail.com,jmeteruser151,1212,jmeteruser151,12/11/2025,jmeteruser151
jmeteruser152,jmeteruser152@gmail.com,jmeteruser152,1212,jmeteruser152,12/11/2025,jmeteruser152
jmeteruser153,jmeteruser153@gmail.com,jmeteruser153,1212,jmeteruser153,12/11/2025,jmeteruser153
jmeteruser154,jmeteruser154@gmail.com,jmeteruser154,1212,jmeteruser154,12/11/2025,jmeteruser154
jmeteruser155,jmeteruser155@gmail.com,jmeteruser155,1212,jmeteruser155,12/11/2025,jmeteruser155
jmeteruser156,jmeteruser156@gmail.com,jmeteruser156,1212,jmeteruser156,12/11/2025,jmeteruser156
jmeteruser157,jmeteruser157@gmail.com,jmeteruser157,1212,jmeteruser157,12/11/2025,jmeteruser157
jmeteruser158,jmeteruser158@gmail.com,jmeteruser158,1212,jmeteruser158,12/11/2025,jmeteruser158
jmeteruser159,jmeteruser159@gmail.com,jmeteruser159,1212,jmeteruser159,12/11/2025,jmeteruser159
jmeteruser160,jmeteruser160@gmail.com,jmeteruser160,1212,jmeteruser160,12/11/2025,jmeteruser160
jmeteruser161,jmeteruser161@gmail.com,jmeteruser161,1212,jmeteruser161,12/11/2025,jmeteruser161
jmeteruser162,jmeteruser162@gmail.com,jmeteruser162,1212,jmeteruser162,12/11/2025,jmeteruser162
jmeteruser163,jmeteruser163@gmail.com,jmeteruser163,1212,jmeteruser163,12/11/2025,jmeteruser163
jmeteruser164,jmeteruser164@gmail.com,jmeteruser164,1212,jmeteruser164,12/11/2025,jmeteruser164
jmeteruser165,jmeteruser165@gmail.com,jmeteruser165,1212,jmeteruser165,12/11/2025,jmeteruser165
jmeteruser166,jmeteruser166@gmail.com,jmeteruser166,1212,jmeteruser166,12/11/2025,jmeteruser166
jmeteruser167,jmeteruser167@gmail.com,jmeteruser167,1212,jmeteruser167,12/11/2025,jmeteruser167
jmeteruser168,jmeteruser168@gmail.com,jmeteruser168,1212,jmeteruser168,12/11/2025,jmeteruser168
jmeteruser169,jmeteruser169@gmail.com,jmeteruser169,1212,jmeteruser169,12/11/2025,jmeteruser169
jmeteruser170,jmeteruser170@gmail.com,jmeteruser170,1212,jmeteruser170,12/11/2025,jmeteruser170
jmeteruser171,jmeteruser171@gmail.com,jmeteruser171,1212,jmeteruser171,12/11/2025,jmeteruser171
jmeteruser172,jmeteruser172@gmail.com,jmeteruser172,1212,jmeteruser172,12/11/2025,jmeteruser172
jmeteruser173,jmeteruser173@gmail.com,jmeteruser173,1212,jmeteruser173,12/11/2025,jmeteruser173
jmeteruser174,jmeteruser174@gmail.com,jmeteruser174,1212,jmeteruser174,12/11/2025,jmeteruser174
jmeteruser175,jmeteruser175@gmail.com,jmeteruser175,1212,jmeteruser175,12/11/2025,jmeteruser175
jmeteruser176,jmeteruser176@gmail.com,jmeteruser176,1212,jmeteruser176,12/11/2025,jmeteruser176
jmeteruser177,jmeteruser177@gmail.com,jmeteruser177,1212,jmeteruser177,12/11/2025,jmeteruser177
jmeteruser178,jmeteruser178@gmail.com,jmeteruser178,1212,jmeteruser178,12/11/2025,jmeteruser178
jmeteruser179,jmeteruser179@gmail.com,jmeteruser179,1212,jmeteruser179,12/11/2025,jmeteruser179
jmeteruser180,jmeteruser180@gmail.com,jmeteruser180,1212,jmeteruser180,12/11/2025,jmeteruser180
jmeteruser181,jmeteruser181@gmail.com,jmeteruser181,1212,jmeteruser181,12/11/2025,jmeteruser181
jmeteruser182,jmeteruser182@gmail.com,jmeteruser182,1212,jmeteruser182,12/11/2025,jmeteruser182
jmeteruser183,jmeteruser183@gmail.com,jmeteruser183,1212,jmeteruser183,12/11/2025,jmeteruser183
jmeteruser184,jmeteruser184@gmail.com,jmeteruser184,1212,jmeteruser184,12/11/2025,jmeteruser184
jmeteruser185,jmeteruser185@gmail.com,jmeteruser185,1212,jmeteruser185,12/11/2025,jmeteruser185
jmeteruser186,jmeteruser186@gmail.com,jmeteruser186,1212,jmeteruser186,12/11/2025,jmeteruser186
jmeteruser187,jmeteruser187@gmail.com,jmeteruser187,1212,jmeteruser187,12/11/2025,jmeteruser187
jmeteruser188,jmeteruser188@gmail.com,jmeteruser188,1212,jmeteruser188,12/11/2025,jmeteruser188
jmeteruser189,jmeteruser189@gmail.com,jmeteruser189,1212,jmeteruser189,12/11/2025,jmeteruser189
jmeteruser190,jmeteruser190@gmail.com,jmeteruser190,1212,jmeteruser190,12/11/2025,jmeteruser190
jmeteruser191,jmeteruser191@gmail.com,jmeteruser191,1212,jmeteruser191,12/11/2025,jmeteruser191
jmeteruser192,jmeteruser192@gmail.com,jmeteruser192,1212,jmeteruser192,12/11/2025,jmeteruser192
jmeteruser193,jmeteruser193@gmail.com,jmeteruser193,1212,jmeteruser193,12/11/2025,jmeteruser193
jmeteruser194,jmeteruser194@gmail.com,jmeteruser194,1212,jmeteruser194,12/11/2025,jmeteruser194
jmeteruser195,jmeteruser195@gmail.com,jmeteruser195,1212,jmeteruser195,12/11/2025,jmeteruser195
jmeteruser196,jmeteruser196@gmail.com,jmeteruser196,1212,jmeteruser196,12/11/2025,jmeteruser196
jmeteruser197,jmeteruser197@gmail.com,jmeteruser197,1212,jmeteruser197,12/11/2025,jmeteruser197
jmeteruser198,jmeteruser198@gmail.com,jmeteruser198,1212,jmeteruser198,12/11/2025,jmeteruser198
jmeteruser199,jmeteruser199@gmail.com,jmeteruser199,1212,jmeteruser199,12/11/2025,jmeteruser199
jmeteruser200,jmeteruser200@gmail.com,jmeteruser200,1212,jmeteruser200,12/11/2025,jmeteruser200
jmeteruser201,jmeteruser201@gmail.com,jmeteruser201,1212,jmeteruser201,12/11/2025,jmeteruser201
jmeteruser202,jmeteruser202@gmail.com,jmeteruser202,1212,jmeteruser202,12/11/2025,jmeteruser202
jmeteruser203,jmeteruser203@gmail.com,jmeteruser203,1212,jmeteruser203,12/11/2025,jmeteruser203
jmeteruser204,jmeteruser204@gmail.com,jmeteruser204,1212,jmeteruser204,12/11/2025,jmeteruser204
jmeteruser205,jmeteruser205@gmail.com,jmeteruser205,1212,jmeteruser205,12/11/2025,jmeteruser205
jmeteruser206,jmeteruser206@gmail.com,jmeteruser206,1212,jmeteruser206,12/11/2025,jmeteruser206
jmeteruser207,jmeteruser207@gmail.com,jmeteruser207,1212,jmeteruser207,12/11/2025,jmeteruser207
jmeteruser208,jmeteruser208@gmail.com,jmeteruser208,1212,jmeteruser208,12/11/2025,jmeteruser208
jmeteruser209,jmeteruser209@gmail.com,jmeteruser209,1212,jmeteruser209,12/11/2025,jmeteruser209
jmeteruser210,jmeteruser210@gmail.com,jmeteruser210,1212,jmeteruser210,12/11/2025,jmeteruser210
jmeteruser211,jmeteruser211@gmail.com,jmeteruser211,1212,jmeteruser211,12/11/2025,jmeteruser211
jmeteruser212,jmeteruser212@gmail.com,jmeteruser212,1212,jmeteruser212,12/11/2025,jmeteruser212
jmeteruser213,jmeteruser213@gmail.com,jmeteruser213,1212,jmeteruser213,12/11/2025,jmeteruser213
jmeteruser214,jmeteruser214@gmail.com,jmeteruser214,1212,jmeteruser214,12/11/2025,jmeteruser214
jmeteruser215,jmeteruser215@gmail.com,jmeteruser215,1212,jmeteruser215,12/11/2025,jmeteruser215
jmeteruser216,jmeteruser216@gmail.com,jmeteruser216,1212,jmeteruser216,12/11/2025,jmeteruser216
jmeteruser217,jmeteruser217@gmail.com,jmeteruser217,1212,jmeteruser217,12/11/2025,jmeteruser217
jmeteruser218,jmeteruser218@gmail.com,jmeteruser218,1212,jmeteruser218,12/11/2025,jmeteruser218
jmeteruser219,jmeteruser219@gmail.com,jmeteruser219,1212,jmeteruser219,12/11/2025,jmeteruser219
jmeteruser220,jmeteruser220@gmail.com,jmeteruser220,1212,jmeteruser220,12/11/2025,jmeteruser220
jmeteruser221,jmeteruser221@gmail.com,jmeteruser221,1212,jmeteruser221,12/11/2025,jmeteruser221
jmeteruser222,jmeteruser222@gmail.com,jmeteruser222,1212,jmeteruser222,12/11/2025,jmeteruser222
jmeteruser223,jmeteruser223@gmail.com,jmeteruser223,1212,jmeteruser223,12/11/2025,jmeteruser223
jmeteruser224,jmeteruser224@gmail.com,jmeteruser224,1212,jmeteruser224,12/11/2025,jmeteruser224
jmeteruser225,jmeteruser225@gmail.com,jmeteruser225,1212,jmeteruser225,12/11/2025,jmeteruser225
jmeteruser226,jmeteruser226@gmail.com,jmeteruser226,1212,jmeteruser226,12/11/2025,jmeteruser226
jmeteruser227,jmeteruser227@gmail.com,jmeteruser227,1212,jmeteruser227,12/11/2025,jmeteruser227
jmeteruser228,jmeteruser228@gmail.com,jmeteruser228,1212,jmeteruser228,12/11/2025,jmeteruser228
jmeteruser229,jmeteruser229@gmail.com,jmeteruser229,1212,jmeteruser229,12/11/2025,jmeteruser229
jmeteruser230,jmeteruser230@gmail.com,jmeteruser230,1212,jmeteruser230,12/11/2025,jmeteruser230
jmeteruser231,jmeteruser231@gmail.com,jmeteruser231,1212,jmeteruser231,12/11/2025,jmeteruser231
jmeteruser232,jmeteruser232@gmail.com,jmeteruser232,1212,jmeteruser232,12/11/2025,jmeteruser232
jmeteruser233,jmeteruser233@gmail.com,jmeteruser233,1212,jmeteruser233,12/11/2025,jmeteruser233
jmeteruser234,jmeteruser234@gmail.com,jmeteruser234,1212,jmeteruser234,12/11/2025,jmeteruser234
jmeteruser235,jmeteruser235@gmail.com,jmeteruser235,1212,jmeteruser235,12/11/2025,jmeteruser235
jmeteruser236,jmeteruser236@gmail.com,jmeteruser236,1212,jmeteruser236,12/11/2025,jmeteruser236
jmeteruser237,jmeteruser237@gmail.com,jmeteruser237,1212,jmeteruser237,12/11/2025,jmeteruser237
jmeteruser238,jmeteruser238@gmail.com,jmeteruser238,1212,jmeteruser238,12/11/2025,jmeteruser238
jmeteruser239,jmeteruser239@gmail.com,jmeteruser239,1212,jmeteruser239,12/11/2025,jmeteruser239
jmeteruser240,jmeteruser240@gmail.com,jmeteruser240,1212,jmeteruser240,12/11/2025,jmeteruser240
jmeteruser241,jmeteruser241@gmail.com,jmeteruser241,1212,jmeteruser241,12/11/2025,jmeteruser241
jmeteruser242,jmeteruser242@gmail.com,jmeteruser242,1212,jmeteruser242,12/11/2025,jmeteruser242
jmeteruser243,jmeteruser243@gmail.com,jmeteruser243,1212,jmeteruser243,12/11/2025,jmeteruser243
jmeteruser244,jmeteruser244@gmail.com,jmeteruser244,1212,jmeteruser244,12/11/2025,jmeteruser244
jmeteruser245,jmeteruser245@gmail.com,jmeteruser245,1212,jmeteruser245,12/11/2025,jmeteruser245
jmeteruser246,jmeteruser246@gmail.com,jmeteruser246,1212,jmeteruser246,12/11/2025,jmeteruser246
jmeteruser247,jmeteruser247@gmail.com,jmeteruser247,1212,jmeteruser247,12/11/2025,jmeteruser247
jmeteruser248,jmeteruser248@gmail.com,jmeteruser248,1212,jmeteruser248,12/11/2025,jmeteruser248
jmeteruser249,jmeteruser249@gmail.com,jmeteruser249,1212,jmeteruser249,12/11/2025,jmeteruser249
jmeteruser250,jmeteruser250@gmail.com,jmeteruser250,1212,jmeteruser250,12/11/2025,jmeteruser250
jmeteruser251,jmeteruser251@gmail.com,jmeteruser251,1212,jmeteruser251,12/11/2025,jmeteruser251
jmeteruser252,jmeteruser252@gmail.com,jmeteruser252,1212,jmeteruser252,12/11/2025,jmeteruser252
jmeteruser253,jmeteruser253@gmail.com,jmeteruser253,1212,jmeteruser253,12/11/2025,jmeteruser253
jmeteruser254,jmeteruser254@gmail.com,jmeteruser254,1212,jmeteruser254,12/11/2025,jmeteruser254
jmeteruser255,jmeteruser255@gmail.com,jmeteruser255,1212,jmeteruser255,12/11/2025,jmeteruser255
jmeteruser256,jmeteruser256@gmail.com,jmeteruser256,1212,jmeteruser256,12/11/2025,jmeteruser256
jmeteruser257,jmeteruser257@gmail.com,jmeteruser257,1212,jmeteruser257,12/11/2025,jmeteruser257
jmeteruser258,jmeteruser258@gmail.com,jmeteruser258,1212,jmeteruser258,12/11/2025,jmeteruser258
jmeteruser259,jmeteruser259@gmail.com,jmeteruser259,1212,jmeteruser259,12/11/2025,jmeteruser259
jmeteruser260,jmeteruser260@gmail.com,jmeteruser260,1212,jmeteruser260,12/11/2025,jmeteruser260
jmeteruser261,jmeteruser261@gmail.com,jmeteruser261,1212,jmeteruser261,12/11/2025,jmeteruser261
jmeteruser262,jmeteruser262@gmail.com,jmeteruser262,1212,jmeteruser262,12/11/2025,jmeteruser262
jmeteruser263,jmeteruser263@gmail.com,jmeteruser263,1212,jmeteruser263,12/11/2025,jmeteruser263
jmeteruser264,jmeteruser264@gmail.com,jmeteruser264,1212,jmeteruser264,12/11/2025,jmeteruser264
jmeteruser265,jmeteruser265@gmail.com,jmeteruser265,1212,jmeteruser265,12/11/2025,jmeteruser265
jmeteruser266,jmeteruser266@gmail.com,jmeteruser266,1212,jmeteruser266,12/11/2025,jmeteruser266
jmeteruser267,jmeteruser267@gmail.com,jmeteruser267,1212,jmeteruser267,12/11/2025,jmeteruser267
jmeteruser268,jmeteruser268@gmail.com,jmeteruser268,1212,jmeteruser268,12/11/2025,jmeteruser268
jmeteruser269,jmeteruser269@gmail.com,jmeteruser269,1212,jmeteruser269,12/11/2025,jmeteruser269
jmeteruser270,jmeteruser270@gmail.com,jmeteruser270,1212,jmeteruser270,12/11/2025,jmeteruser270
jmeteruser271,jmeteruser271@gmail.com,jmeteruser271,1212,jmeteruser271,12/11/2025,jmeteruser271
jmeteruser272,jmeteruser272@gmail.com,jmeteruser272,1212,jmeteruser272,12/11/2025,jmeteruser272
jmeteruser273,jmeteruser273@gmail.com,jmeteruser273,1212,jmeteruser273,12/11/2025,jmeteruser273
jmeteruser274,jmeteruser274@gmail.com,jmeteruser274,1212,jmeteruser274,12/11/2025,jmeteruser274
jmeteruser275,jmeteruser275@gmail.com,jmeteruser275,1212,jmeteruser275,12/11/2025,jmeteruser275
jmeteruser276,jmeteruser276@gmail.com,jmeteruser276,1212,jmeteruser276,12/11/2025,jmeteruser276
jmeteruser277,jmeteruser277@gmail.com,jmeteruser277,1212,jmeteruser277,12/11/2025,jmeteruser277
jmeteruser278,jmeteruser278@gmail.com,jmeteruser278,1212,jmeteruser278,12/11/2025,jmeteruser278
jmeteruser279,jmeteruser279@gmail.com,jmeteruser279,1212,jmeteruser279,12/11/2025,jmeteruser279
jmeteruser280,jmeteruser280@gmail.com,jmeteruser280,1212,jmeteruser280,12/11/2025,jmeteruser280
jmeteruser281,jmeteruser281@gmail.com,jmeteruser281,1212,jmeteruser281,12/11/2025,jmeteruser281
jmeteruser282,jmeteruser282@gmail.com,jmeteruser282,1212,jmeteruser282,12/11/2025,jmeteruser282
jmeteruser283,jmeteruser283@gmail.com,jmeteruser283,1212,jmeteruser283,12/11/2025,jmeteruser283
jmeteruser284,jmeteruser284@gmail.com,jmeteruser284,1212,jmeteruser284,12/11/2025,jmeteruser284
jmeteruser285,jmeteruser285@gmail.com,jmeteruser285,1212,jmeteruser285,12/11/2025,jmeteruser285
jmeteruser286,jmeteruser286@gmail.com,jmeteruser286,1212,jmeteruser286,12/11/2025,jmeteruser286
jmeteruser287,jmeteruser287@gmail.com,jmeteruser287,1212,jmeteruser287,12/11/2025,jmeteruser287
jmeteruser288,jmeteruser288@gmail.com,jmeteruser288,1212,jmeteruser288,12/11/2025,jmeteruser288
jmeteruser289,jmeteruser289@gmail.com,jmeteruser289,1212,jmeteruser289,12/11/2025,jmeteruser289
jmeteruser290,jmeteruser290@gmail.com,jmeteruser290,1212,jmeteruser290,12/11/2025,jmeteruser290
jmeteruser291,jmeteruser291@gmail.com,jmeteruser291,1212,jmeteruser291,12/11/2025,jmeteruser291
jmeteruser292,jmeteruser292@gmail.com,jmeteruser292,1212,jmeteruser292,12/11/2025,jmeteruser292
jmeteruser293,jmeteruser293@gmail.com,jmeteruser293,1212,jmeteruser293,12/11/2025,jmeteruser293
jmeteruser294,jmeteruser294@gmail.com,jmeteruser294,1212,jmeteruser294,12/11/2025,jmeteruser294
jmeteruser295,jmeteruser295@gmail.com,jmeteruser295,1212,jmeteruser295,12/11/2025,jmeteruser295
jmeteruser296,jmeteruser296@gmail.com,jmeteruser296,1212,jmeteruser296,12/11/2025,jmeteruser296
jmeteruser297,jmeteruser297@gmail.com,jmeteruser297,1212,jmeteruser297,12/11/2025,jmeteruser297
jmeteruser298,jmeteruser298@gmail.com,jmeteruser298,1212,jmeteruser298,12/11/2025,jmeteruser298
jmeteruser299,jmeteruser299@gmail.com,jmeteruser299,1212,jmeteruser299,12/11/2025,jmeteruser299
jmeteruser300,jmeteruser300@gmail.com,jmeteruser300,1212,jmeteruser300,12/11/2025,jmeteruser300
